run_alias,history_index,groups,training_time_s,power_samples,mean_power_watts,throughput_groups_per_s,energy_per_group_joules,trimmed_energy_per_group_joules
sync,1,128,208.045093,14,2235.599429,0.615251,3633.636645,3348.716975
sync,2,128,35.199201,2,3555.649500,3.636446,977.781405,977.781405
sync,3,128,33.702587,2,4946.493000,3.797928,1302.418851,1302.418851
sync,4,128,33.772465,3,3295.976667,3.790070,869.634811,784.254678
sync,5,128,31.371284,2,2648.961000,4.080164,649.228972,649.228972
sync,6,128,33.042856,2,4783.443500,3.873757,1234.833099,1234.833099
sync,7,128,32.450805,2,3220.197000,3.944432,816.390508,816.390508
sync,8,128,33.063628,2,4703.799500,3.871324,1215.036531,1215.036531
sync,9,128,33.995566,2,3878.202000,3.765197,1030.013069,1030.013069
sync,11,128,33.772428,3,3420.409000,3.790074,902.464963,917.839597
sync,12,128,32.392639,2,4540.573000,3.951515,1149.071411,1149.071411
sync,13,128,34.670503,2,4001.270500,3.691899,1083.797353,1083.797353
sync,14,128,35.313194,2,4519.081500,3.624707,1246.743778,1246.743778
sync,15,128,35.178425,3,4746.948000,3.638594,1304.610576,1020.351589
sync,16,128,36.015510,2,3063.599500,3.554024,862.008592,862.008592
sync,17,128,37.009686,3,2960.404333,3.458554,855.965893,622.815185
sync,18,128,36.305703,2,3465.635000,3.525617,982.986849,982.986849
sync,19,128,35.096880,2,3385.990500,3.647048,928.419551,928.419551
sync,21,128,39.971754,2,3440.261500,3.202261,1074.322540,1074.322540
sync,22,128,35.733079,3,3427.179333,3.582115,956.747409,932.987331
sync,23,128,36.897131,2,3424.673500,3.469104,987.192388,987.192388
sync,24,128,39.860129,3,3366.163667,3.211229,1048.247794,628.966676
sync,25,128,40.625827,2,4692.891000,3.150705,1489.473270,1489.473270
sync,26,128,43.580010,3,3510.216000,2.937126,1195.119120,1593.854419
sync,27,128,45.632378,3,3827.133667,2.805026,1364.384449,1690.405805
sync,28,128,44.382843,3,4406.455000,2.883997,1527.898458,1699.978370
sync,29,128,50.692305,4,5479.482250,2.525038,2170.059264,2265.113771
sync,31,128,45.438910,4,3065.851000,2.816969,1088.350996,1487.480702
sync,32,128,49.194279,3,4501.260333,2.601929,1729.970753,751.404562
sync,33,128,49.075493,3,4802.158000,2.608226,1841.158370,1151.284995
sync,34,128,46.066943,3,5325.145000,2.778565,1916.508982,1771.385876
sync,35,128,45.956714,3,4555.313333,2.785230,1635.525237,1811.496605
sync,36,128,48.622040,3,4099.329333,2.632551,1557.169955,1956.131519
sync,37,128,49.097099,4,4539.509500,2.607079,1741.224595,2194.076484
sync,38,128,47.950308,3,4025.022667,2.669430,1507.820899,746.781463
sync,39,128,46.456811,3,4826.251667,2.755247,1751.658275,1234.255469
sync,41,128,46.503857,3,4310.028667,2.752460,1565.882485,706.703497
sync,42,128,45.297852,3,4486.658000,2.825741,1587.781011,1054.027576
sync,43,128,46.040017,3,3811.665333,2.780190,1371.008892,716.026580
sync,44,128,52.338217,3,4411.616667,2.445632,1803.876191,1321.181392
sync,45,128,43.973660,3,4577.973333,2.910833,1572.736266,1623.750407
sync,46,128,44.180922,3,3947.985000,2.897178,1362.700140,1649.450893
sync,47,128,44.109299,3,4196.491667,2.901882,1446.127393,1654.704187
sync,48,128,45.036669,3,4338.440333,2.842128,1526.475807,1739.460433
sync,49,128,45.355959,3,3922.284000,2.822121,1389.835565,1742.078447
sync,51,128,45.924542,3,4687.167000,2.787181,1681.687484,1305.405466
sync,52,128,44.270328,3,4040.059000,2.891327,1397.302632,683.342256
sync,53,128,44.174891,3,4762.964333,2.897574,1643.776799,2137.952907
sync,54,128,43.443846,3,3988.989333,2.946332,1353.883122,1855.002685
sync,55,128,43.374799,3,4302.579333,2.951022,1457.996206,2148.075255
sync,56,128,44.085414,2,3353.241000,2.903455,1154.914192,1154.914192
sync,57,128,45.847126,4,2858.282500,2.791887,1023.781541,1208.633929
sync,58,128,43.269774,2,4012.813000,2.958185,1356.511821,1356.511821
sync,59,128,42.828698,3,3781.794667,2.988650,1265.385467,1565.877409
sync,61,128,42.206313,3,4116.430000,3.032722,1357.338539,654.193894
sync,62,128,40.260575,2,4262.811000,3.179289,1340.806413,1340.806413
sync,63,128,42.254325,3,3079.334333,3.029276,1016.524950,1511.291295
sync,64,128,42.361485,3,5156.277667,3.021613,1706.465463,1546.281906
sync,65,128,42.502553,3,4973.762333,3.011584,1651.543712,1631.343600
sync,66,128,40.613232,3,3355.566667,3.151682,1064.690672,643.332943
sync,67,128,43.793528,3,3057.216000,2.922806,1045.986522,918.866227
sync,68,128,43.384556,3,3897.139000,2.950359,1320.903474,1736.721732
sync,69,128,41.106809,2,3314.948500,3.113839,1064.585577,1064.585577
sync,71,128,42.752598,3,5255.074667,2.993970,1755.219487,1623.027229
sync,72,128,43.015010,3,4974.239667,2.975705,1671.616931,1552.518227
sync,73,128,44.155468,3,4400.227000,2.898848,1517.922511,879.925332
sync,74,128,44.238401,3,4310.412333,2.893414,1489.732433,788.258847
sync,75,128,44.804507,3,4160.769667,2.856855,1456.415896,739.692662
sync,76,128,44.458880,3,4288.633000,2.879065,1489.592332,687.504127
sync,77,128,43.778817,3,3937.057000,2.923788,1346.560136,680.805749
sync,78,128,43.456082,3,3226.417000,2.945503,1095.370644,1036.766382
sync,79,128,44.902821,3,4188.486333,2.850600,1469.334767,2070.572542
sync,81,128,48.848800,3,3611.379667,2.620330,1378.215343,764.821085
sync,82,128,43.385351,3,4912.531667,2.950305,1665.093067,1334.202596
sync,83,128,49.579487,3,4951.094000,2.581713,1917.755492,1807.962492
sync,84,128,51.074885,4,4104.906750,2.506124,1637.950298,1907.204420
sync,85,128,53.130018,3,4286.585667,2.409184,1779.268550,1011.801425
sync,86,128,54.415802,4,5448.275750,2.352258,2316.189807,2427.420915
sync,87,128,49.298739,3,4728.886333,2.596415,1821.313522,1597.823725
sync,88,128,52.249199,4,3629.033500,2.449798,1481.360092,1569.901461
sync,89,128,49.604340,3,4419.590000,2.580419,1712.740976,771.687742
sync,91,128,51.309345,3,4214.662333,2.494672,1689.465339,2319.642170
sync,92,128,52.284686,4,4229.249500,2.448136,1727.538932,1508.863338
sync,93,128,55.818082,4,4802.977500,2.293164,2094.476513,2637.432518
sync,94,128,53.150351,3,5483.633000,2.408263,2277.007947,2295.997155
sync,95,128,53.179330,4,5521.617750,2.406950,2294.030729,2368.415005
sync,96,128,53.267968,3,5248.614333,2.402945,2184.242327,2490.321594
sync,97,128,54.536366,4,4689.019750,2.347058,1997.828897,1679.042852
sync,98,128,52.975792,3,5785.659667,2.416198,2394.530507,2503.929381
sync,99,128,51.127219,3,4754.634667,2.503559,1899.150376,997.903059
sync,101,128,52.011586,3,4951.248000,2.460990,2011.892655,2590.215165
sync,102,128,53.733215,4,4869.702250,2.382139,2044.255905,1711.358386
sync,103,128,59.067192,4,4997.589500,2.167024,2306.199817,1832.451638
sync,104,128,59.305660,4,4881.007500,2.158310,2261.495093,1882.948454
streamweave,1,261,59.377777,4,4647.139000,4.395584,1057.229054,1041.601323
streamweave,2,363,52.078604,3,4444.122333,6.970233,637.585915,707.956255
streamweave,3,363,53.402920,3,4221.801333,6.797381,621.092335,296.426367
streamweave,4,420,63.203823,4,5310.660750,6.645168,799.176335,846.179702
streamweave,6,452,81.243838,6,4613.939500,5.563499,829.323343,906.323898
streamweave,7,410,79.295494,5,5156.314000,5.170533,997.249923,967.462538
streamweave,8,396,82.302654,6,5402.953500,4.811510,1122.922752,1133.962427
streamweave,9,396,86.494703,6,4655.764833,4.578315,1016.916653,1094.576210
streamweave,11,414,98.106576,7,4492.234571,4.219901,1064.535634,1182.811317
streamweave,12,393,82.567878,5,5428.498400,4.759720,1140.507865,1102.591337
streamweave,13,446,94.160634,6,5399.679000,4.736587,1139.993721,1135.512805
streamweave,14,450,99.622656,7,5309.648000,4.517045,1175.469413,1216.230487
streamweave,16,443,111.578273,7,4943.600286,3.970307,1245.143078,1390.185744
streamweave,17,450,103.283158,7,5552.799714,4.356954,1274.468195,1239.899250
streamweave,18,489,130.834274,9,5477.168889,3.737553,1465.442565,1454.660444
streamweave,19,425,117.101308,8,5491.174750,3.629336,1512.997052,1523.634374
streamweave,21,489,107.538693,7,5102.324857,4.547201,1122.080460,1168.351994
streamweave,22,475,92.062540,6,5396.555167,5.159536,1045.938055,1014.570862
streamweave,23,457,94.338256,6,5553.219167,4.844270,1146.347950,1127.020236
streamweave,24,450,88.393514,6,4714.267667,5.090871,926.023746,921.984866
streamweave,26,457,100.283151,7,4323.738286,4.557097,948.792344,991.877039
streamweave,27,418,81.785032,5,4818.983600,5.110960,942.872554,972.600122
streamweave,28,436,93.991791,6,5168.222167,4.638703,1114.152426,1095.112262
streamweave,29,443,90.808380,6,5238.135333,4.878404,1073.739468,1023.047006
streamweave,31,482,105.272807,7,5323.463571,4.578580,1162.688700,1133.331789
streamweave,32,411,89.557825,6,5406.228167,4.589214,1178.029289,1147.197446
streamweave,33,482,119.292238,8,4734.765000,4.040498,1171.827209,1163.757204
streamweave,34,475,117.478914,8,5016.271250,4.043279,1240.644420,1248.370019
streamweave,36,443,103.718010,7,4667.756714,4.271196,1092.845236,1196.597636
streamweave,37,436,96.011433,6,5350.785333,4.541126,1178.294886,1131.276020
streamweave,38,443,96.623233,7,5168.962429,4.584819,1127.408261,1156.522820
streamweave,39,475,108.428542,7,5453.870286,4.380765,1244.958322,1241.328891
streamweave,41,443,106.329089,7,5020.297714,4.166311,1204.974450,1263.191206
streamweave,42,475,120.723071,7,5319.882714,3.934625,1352.068590,1314.160043
streamweave,43,468,98.589518,7,4786.960857,4.746955,1008.427703,1013.352743
streamweave,44,475,90.268791,6,5090.471333,5.262062,967.390934,950.160411
streamweave,46,404,78.971791,5,4258.604400,5.115751,832.449549,804.608526
streamweave,47,457,85.283253,6,5059.511667,5.358614,944.182963,915.191851
streamweave,48,475,94.025407,6,5123.900167,5.051826,1014.266944,1018.380423
streamweave,49,450,90.154067,6,4811.357667,4.991455,963.918800,872.961728
streamweave,51,482,91.984329,6,4894.117333,5.240023,933.987762,915.310871
streamweave,52,461,91.917064,6,4818.533000,5.015391,960.749252,894.440063
streamweave,53,411,85.949619,6,4768.365500,4.781871,997.175668,1091.491207
streamweave,54,454,92.021878,6,5023.513667,4.933609,1018.222818,1005.250842
streamweave,56,443,85.808256,5,5305.220400,5.162673,1027.611081,1035.706809
streamweave,57,482,91.358926,7,4413.119286,5.275894,836.468546,1017.713229
streamweave,58,468,103.328908,7,5472.675571,4.529226,1208.302544,1212.563279
streamweave,59,475,118.512079,7,5211.959143,4.008030,1300.379188,1318.563147
streamweave,61,468,100.078782,7,5315.640714,4.676316,1136.715492,1183.480444
streamweave,62,475,103.072434,7,5111.047857,4.608410,1109.069769,1103.454631
streamweave,63,468,103.961096,7,5248.535429,4.501684,1165.904903,1155.627854
streamweave,64,475,99.142077,6,5319.822167,4.791104,1110.354149,1082.909657
streamweave,66,443,96.018030,6,5091.068333,4.613717,1103.463544,1177.309031
streamweave,67,397,79.583801,6,5274.862667,4.988452,1057.414665,1097.707038
streamweave,68,454,112.841217,8,5367.795500,4.023353,1334.159855,1359.085337
streamweave,69,450,115.643977,7,5124.242000,3.891253,1316.861614,1323.594715
streamweave,71,475,122.734684,8,5378.916750,3.870137,1389.851893,1377.901346
streamweave,72,475,112.780654,8,5410.029250,4.211715,1284.519235,1277.802554
streamweave,73,468,127.892772,8,5630.759250,3.659315,1538.746601,1552.059314
streamweave,74,457,128.714353,9,5385.695889,3.550498,1516.884818,1555.225632
streamweave,76,489,113.633301,8,4452.988375,4.303316,1034.780711,1080.783791
streamweave,77,447,101.501334,6,5207.597000,4.403883,1182.501219,1204.062248
streamweave,78,450,108.406211,7,5407.950857,4.151054,1302.789915,1283.846084
streamweave,79,468,116.445987,7,5100.241429,4.019031,1269.022754,1222.090436
streamweave,81,461,105.324681,7,4849.366571,4.376942,1107.934898,1203.075077
streamweave,82,443,89.210232,6,5224.787667,4.965798,1052.154674,1071.392887
streamweave,83,461,101.571263,7,4835.728857,4.538685,1065.447040,1149.188457
streamweave,84,475,148.176052,10,3033.689800,3.205646,946.358268,874.282107
streamweave,86,461,442.437841,20,2927.621850,1.041954,2809.741192,2733.982573
streamweave,87,447,192.087708,7,5166.211714,2.327062,2220.057646,2152.620544
streamweave,88,436,96.739149,7,5108.388000,4.506965,1133.442906,1126.832916
streamweave,89,468,107.517675,7,5572.553000,4.352773,1280.230646,1302.285737
streamweave,91,450,139.905486,9,5533.962556,3.216457,1720.514936,1721.203321
streamweave,92,475,149.535082,10,5041.972800,3.176512,1587.266977,1615.918985
streamweave,93,461,115.855035,7,5025.895286,3.979111,1263.070008,1267.729922
streamweave,94,475,94.042852,6,5354.723000,5.050889,1060.154572,1026.679871
streamweave,96,443,83.664050,5,4976.293200,5.294986,939.812287,1001.466736
streamweave,97,411,79.910873,6,4566.392500,5.143230,887.845287,989.346192
streamweave,98,454,91.492900,6,5269.128333,4.962134,1061.867470,1070.080100
streamweave,99,425,87.102091,5,5022.565800,4.879332,1029.355257,1135.000229
streamweave,101,468,100.663154,7,4837.241143,4.649169,1040.452880,1085.032431
streamweave,102,468,91.674797,6,4918.981333,5.105002,963.561145,903.151845
streamweave,103,461,93.010588,6,5355.181667,4.956425,1080.452480,1078.017072
streamweave,104,461,94.088779,7,4341.972857,4.899628,886.184214,959.128763
streamweave,106,482,94.389271,6,4956.375167,5.106513,970.598838,890.815931
streamweave,107,429,79.555012,6,5053.318833,5.392495,937.102192,1037.130921
streamweave,108,468,85.773843,6,4758.258500,5.456209,872.081452,896.894469
streamweave,109,443,81.160952,5,4724.570400,5.458290,865.577050,781.775331
streamweave,111,461,86.607097,6,4251.707000,5.322889,798.759217,818.893160
streamweave,112,461,86.283519,6,4761.637333,5.342851,891.216538,848.110043
streamweave,113,468,88.851146,6,4692.983667,5.267236,890.976449,871.950928
streamweave,114,461,86.144987,6,4916.046833,5.351443,918.639460,981.409055
streamweave,116,461,89.450669,6,4564.609833,5.153679,885.699354,951.748809
streamweave,117,443,81.893784,5,5159.913800,5.409446,953.871031,873.131129
streamweave,118,468,88.883481,6,4991.078000,5.265320,947.915354,884.324968
streamweave,119,447,88.197115,6,4845.390500,5.068193,956.039072,915.926205
streamweave,121,468,89.370453,6,4540.452667,5.236630,867.056225,889.479775
streamweave,122,475,86.463737,6,4895.135833,5.493633,891.056292,960.968671
streamweave,123,468,88.259699,6,5285.173000,5.302533,996.726024,1007.040952
streamweave,124,475,92.204098,6,5418.875500,5.151615,1051.879004,1050.417181
streamweave,126,475,92.229435,6,4905.955000,5.150200,952.575704,1011.888939
streamweave,127,450,86.664741,6,4883.945167,5.192423,940.590762,896.270718
streamweave,128,468,92.136856,6,4788.004833,5.079401,942.631867,871.208560
streamweave,129,468,85.652148,6,5306.635833,5.463961,971.206745,934.644793
streamweave,131,468,89.967719,6,4520.434000,5.201866,869.002423,1000.785042
streamweave,132,436,82.763336,5,4752.071800,5.268033,902.058060,904.263602
streamweave,133,468,81.634621,6,5209.413500,5.732862,908.693365,861.205608
streamweave,134,461,89.651570,6,4953.743167,5.142130,963.364108,901.649422
streamweave,136,468,96.548297,6,4758.267167,4.847315,981.629470,1066.437418
streamweave,137,475,91.923895,6,4626.103333,5.167318,895.261973,938.982558
streamweave,138,454,86.862714,5,5047.517600,5.226638,965.729252,895.228501
streamweave,139,475,95.103751,7,4522.183286,4.994545,905.424406,1020.264511
streamweave,141,468,91.834636,6,4654.930333,5.096116,913.426997,971.792307
streamweave,142,475,91.273159,6,4784.615333,5.204159,919.383068,1012.504781
streamweave,143,454,89.633508,6,4978.817667,5.065070,982.971126,974.068798
streamweave,144,447,88.549502,6,4928.237833,5.048024,976.270707,933.442694
streamweave,146,461,92.676319,6,4818.269500,4.974302,968.632275,1047.383424
streamweave,147,475,88.004690,6,5170.989667,5.397440,958.044936,996.256449
streamweave,148,454,91.112660,6,5131.122167,4.982842,1029.758127,1092.621514
streamweave,149,468,91.108983,7,4308.665000,5.136705,838.799334,1009.078987
streamweave,151,475,93.818746,6,4934.738167,5.062954,974.675675,1079.973309
streamweave,152,461,94.296239,6,5075.089833,4.888848,1038.095192,1043.576783
streamweave,153,461,97.140462,6,5067.464500,4.745705,1067.800098,989.136184
streamweave,154,454,89.717340,6,5262.661000,5.060337,1039.982257,1032.912521
streamweave,156,436,91.094747,7,4076.876857,4.786225,851.793728,1027.756591
streamweave,157,468,92.156677,6,4911.553000,5.078308,967.163255,939.518615
streamweave,158,475,92.683883,6,5062.046500,5.124947,987.726584,949.284773
streamweave,159,468,91.174767,6,4715.101000,5.132999,918.585968,868.289594
streamweave,161,475,86.570775,6,4854.763167,5.486840,884.801280,838.603621
streamweave,162,461,89.055521,6,4573.419167,5.176546,883.488557,967.560800
streamweave,163,447,93.284976,6,5268.156000,4.791768,1099.417908,1069.832432
streamweave,164,454,94.883777,6,5149.806833,4.784801,1076.284412,1033.484026
streamweave,166,468,92.111818,6,5310.927667,5.080781,1045.297438,1053.461504
streamweave,167,461,90.009707,5,5348.102800,5.121670,1044.210776,984.733338
streamweave,168,429,84.204380,6,4953.966500,5.094747,972.367543,1036.774914
streamweave,169,468,96.437859,6,5173.619167,4.852866,1066.095627,1044.508864
streamweave,171,440,88.045055,5,5234.773400,4.997441,1047.490708,1029.534972
streamweave,172,461,93.438864,7,4296.144571,4.933707,870.774117,1007.863205
streamweave,173,461,89.624409,6,4534.020167,5.143688,881.472618,832.983156
streamweave,174,461,94.063256,6,5078.174500,4.900957,1036.159709,963.880973
streamweave,176,461,95.456108,6,5035.489167,4.829445,1042.664205,1142.684934
streamweave,177,468,95.442999,7,4725.028857,4.903450,963.613081,986.306111
streamweave,178,454,88.016577,6,5248.656667,5.158119,1017.552413,1018.915378
streamweave,179,447,89.459844,6,5082.553167,4.996655,1017.191078,1011.849672
streamweave,181,454,90.948873,6,5268.398167,4.991816,1055.407215,1015.023228
streamweave,182,461,91.863754,7,4066.009714,5.018301,810.236263,936.028766
streamweave,183,454,96.897749,6,5195.292667,4.685351,1108.837368,1076.868386
streamweave,184,461,94.623263,6,4912.316667,4.871952,1008.285107,1056.560024
streamweave,186,461,94.463104,7,4516.671286,4.880212,925.507131,1081.633149
streamweave,187,454,98.156527,6,5228.078333,4.625266,1130.330421,1094.008597
streamweave,188,454,97.588484,7,5076.539429,4.652188,1091.215386,1131.765244
streamweave,189,475,101.111266,6,4983.039333,4.697795,1060.718769,981.832381
